group	alpha	beta	loglik
HCMV-	0.770165761903286	77582.73352900488	-6656.666363519267
HCMV+	1.429791797575506	13778.735072091764	-45305.40042114888
